ended_at	task	project	seconds	status	load1	variant
2026-09-13 10:13:01	clean-install--fae--Dsurefire.rerunFailingTestsCount=2	plexus/components/archiver	25	ok	11,40	
2026-09-13 10:18:34	scan	core/3.x/its-3	319	ok	9,20	
2026-09-13 10:20:32	scan	core/3.x/maven-3	117	ok	11,93	
2026-09-13 10:21:10	scan	core/3.x/mvnd-1	37	ok	10,96	
2026-09-13 10:21:29	scan	core/build-cache	18	ok	10,38	
2026-09-13 10:24:23	scan	core/maven	174	ok	12,37	
2026-09-13 10:26:40	scan	core/maven-4.0.x	137	ok	10,04	
2026-09-13 10:27:16	scan	core/mvnd	36	ok	9,63	
2026-09-13 10:28:47	scan	core/resolver	91	ok	8,57	
2026-09-13 10:29:07	scan	core/resolver-ant-tasks	20	ok	8,48	
2026-09-13 10:29:44	scan	core/wrapper	37	ok	12,88	
2026-09-13 10:30:32	scan	doxia/doxia	48	ok	11,94	
2026-09-13 10:31:45	scan	doxia/sitetools	73	ok	8,95	
2026-09-13 10:32:06	scan	doxia/tools/converter	21	ok	10,09	
2026-09-13 10:33:54	scan	misc/archetypes	108	ok	12,86	
2026-09-13 10:34:51	scan	misc/dist-tool	57	ok	12,57	
2026-09-13 10:36:22	scan	misc/executor	91	ok	11,74	
2026-09-13 10:36:39	scan	misc/gh-actions-shared/v5	17	ok	11,48	
2026-09-13 10:38:08	scan	misc/indexer	89	ok	15,14	
2026-09-13 10:38:23	scan	misc/pom/apache	15	ok	13,34	
2026-09-13 10:38:52	scan	misc/pom/apache-resources	29	ok	11,46	
2026-09-13 10:39:25	scan	misc/pom/maven	33	ok	10,65	
2026-09-13 10:39:41	scan	misc/skins/fluido	16	ok	11,83	
2026-09-13 10:41:20	scan	misc/wagon	99	ok	11,75	
2026-09-13 10:41:43	scan	plexus/build-api	23	ok	10,92	
2026-09-13 10:41:58	scan	plexus/classworlds	15	ok	9,97	
2026-09-13 10:42:09	scan	plexus/codehaus-plexus.github.io	11	ok	9,81	
2026-09-13 10:42:30	scan	plexus/components/archiver	21	ok	9,03	
2026-09-13 10:44:24	scan	plexus/components/compiler	114	ok	12,24	
2026-09-13 10:44:39	scan	plexus/components/i18n	15	ok	11,32	
2026-09-13 10:44:58	scan	plexus/components/interactivity	19	ok	12,85	
2026-09-13 10:45:15	scan	plexus/components/interpolation	17	ok	12,07	
2026-09-13 10:45:33	scan	plexus/components/io	18	ok	11,28	
2026-09-13 10:45:53	scan	plexus/components/languages	20	ok	10,15	
2026-09-13 10:46:10	scan	plexus/components/resources	17	ok	10,35	
2026-09-13 10:46:30	scan	plexus/components/sec-dispatcher	20	ok	9,62	
2026-09-13 10:46:45	scan	plexus/components/velocity	15	ok	9,05	
2026-09-13 10:48:02	scan	plexus/modello	77	ok	12,59	
2026-09-13 10:48:19	scan	plexus/pom/plexus	17	ok	16,44	
2026-09-13 10:48:33	scan	plexus/testing	14	ok	15,22	
2026-09-13 10:48:51	scan	plexus/utils	18	ok	12,66	
2026-09-13 10:49:11	scan	plexus/xml	20	ok	11,34	
2026-09-13 10:50:04	scan	plugins/core-4/maven-clean-plugin	52	ok	12,06	
2026-09-13 10:50:22	scan	plugins/core-4/maven-compiler-plugin	18	ok	11,09	
2026-09-13 10:50:47	scan	plugins/core-4/maven-deploy-plugin	25	ok	9,86	
2026-09-13 10:51:07	scan	plugins/core-4/maven-install-plugin	20	ok	9,09	
2026-09-13 10:51:52	scan	plugins/core-4/maven-resources-plugin	45	ok	15,20	
2026-09-13 10:52:18	scan	plugins/core/maven-clean-plugin	26	ok	13,65	
2026-09-13 10:52:36	scan	plugins/core/maven-compiler-plugin	18	ok	15,92	
2026-09-13 10:52:51	scan	plugins/core/maven-deploy-plugin	15	ok	15,07	
2026-09-13 10:53:06	scan	plugins/core/maven-install-plugin	14	ok	13,50	
2026-09-13 10:53:23	scan	plugins/core/maven-resources-plugin	17	ok	15,29	
2026-09-13 10:53:46	scan	plugins/core/maven-site-plugin	22	ok	28,58	
2026-09-13 10:54:50	scan	plugins/core/surefire	64	ok	17,58	
2026-09-13 10:55:15	scan	plugins/packaging-4/maven-jar-plugin	25	ok	17,08	
2026-09-13 10:55:31	scan	plugins/packaging-4/maven-source-plugin	16	ok	15,64	
2026-09-13 10:55:52	scan	plugins/packaging/maven-acr-plugin	21	ok	14,38	
2026-09-13 10:56:11	scan	plugins/packaging/maven-ear-plugin	19	ok	14,17	
2026-09-13 10:56:27	scan	plugins/packaging/maven-ejb-plugin	16	ok	14,70	
2026-09-13 10:56:46	scan	plugins/packaging/maven-jar-plugin	19	ok	13,80	
2026-09-13 10:57:00	scan	plugins/packaging/maven-jlink-plugin	14	ok	16,08	
2026-09-13 10:57:15	scan	plugins/packaging/maven-jmod-plugin	15	ok	14,64	
2026-09-13 10:57:43	scan	plugins/packaging/maven-rar-plugin	28	ok	14,44	
2026-09-13 10:58:09	scan	plugins/packaging/maven-shade-plugin	26	ok	22,09	
2026-09-13 10:58:25	scan	plugins/packaging/maven-source-plugin	16	ok	21,37	
2026-09-13 10:58:43	scan	plugins/packaging/maven-war-plugin	18	ok	19,39	
2026-09-13 10:59:07	scan	plugins/reporting/jxr	24	ok	17,70	
2026-09-13 10:59:23	scan	plugins/reporting/maven-changelog-plugin	16	ok	17,30	
2026-09-13 10:59:42	scan	plugins/reporting/maven-changes-plugin	19	ok	16,29	
2026-09-13 11:00:17	scan	plugins/reporting/maven-checkstyle-plugin	35	ok	14,16	
2026-09-13 11:00:39	scan	plugins/reporting/maven-doap-plugin	22	ok	16,13	
2026-09-13 11:00:59	scan	plugins/reporting/maven-javadoc-plugin	20	ok	14,08	
2026-09-13 11:01:12	scan	plugins/reporting/maven-jdeps-plugin	13	ok	14,44	
2026-09-13 11:01:54	scan	plugins/reporting/maven-pmd-plugin	42	ok	14,86	
2026-09-13 11:02:21	scan	plugins/reporting/maven-project-info-reports-plugin	27	ok	15,34	
2026-09-13 11:03:31	scan	plugins/tools/archetype	70	ok	12,36	
2026-09-13 11:04:05	scan	plugins/tools/enforcer	34	ok	13,71	
2026-09-13 11:04:21	scan	plugins/tools/maven-antrun-plugin	15	ok	12,99	
2026-09-13 11:04:38	scan	plugins/tools/maven-artifact-plugin	17	ok	13,22	
2026-09-13 11:04:55	scan	plugins/tools/maven-assembly-plugin	17	ok	11,57	
2026-09-13 11:05:18	scan	plugins/tools/maven-dependency-plugin	23	ok	12,09	
2026-09-13 11:05:36	scan	plugins/tools/maven-gpg-plugin	18	ok	13,42	
2026-09-13 11:05:55	scan	plugins/tools/maven-help-plugin	19	ok	12,83	
2026-09-13 11:06:10	scan	plugins/tools/maven-invoker-plugin	15	ok	13,34	
2026-09-13 11:06:24	scan	plugins/tools/maven-jarsigner-plugin	14	ok	14,64	
2026-09-13 11:06:37	scan	plugins/tools/maven-jdeprscan-plugin	13	ok	13,92	
2026-09-13 11:06:50	scan	plugins/tools/maven-remote-resources-plugin	13	ok	12,82	
2026-09-13 11:07:06	scan	plugins/tools/maven-scm-publish-plugin	16	ok	11,69	
2026-09-13 11:07:20	scan	plugins/tools/maven-scripting-plugin	14	ok	11,06	
2026-09-13 11:07:33	scan	plugins/tools/maven-toolchains-plugin	13	ok	10,64	
2026-09-13 11:08:08	scan	plugins/tools/plugin-tools	35	ok	9,83	
2026-09-13 11:08:37	scan	plugins/tools/release	29	ok	9,40	
2026-09-13 11:10:19	scan	plugins/tools/scm	102	ok	11,33	
2026-09-13 11:10:38	scan	shared-4/archiver	19	ok	11,71	
2026-09-13 11:11:01	scan	shared-4/filtering	23	ok	13,83	
2026-09-13 11:11:17	scan	shared/archiver	16	ok	12,01	
2026-09-13 11:11:30	scan	shared/common-artifact-filters	13	ok	13,54	
2026-09-13 11:11:45	scan	shared/dependency-analyzer	15	ok	14,82	
2026-09-13 11:11:59	scan	shared/dependency-tree	13	ok	13,71	
2026-09-13 11:12:11	scan	shared/file-management	12	ok	13,89	
2026-09-13 11:12:27	scan	shared/filtering	16	ok	12,58	
2026-09-13 11:13:41	scan	shared/invoker	74	ok	14,74	
2026-09-13 11:13:54	scan	shared/jarsigner	13	ok	14,73	
2026-09-13 11:14:06	scan	shared/mapping	12	ok	13,52	
2026-09-13 11:14:20	scan	shared/reporting-api	14	ok	13,86	
2026-09-13 11:14:35	scan	shared/reporting-exec	15	ok	13,11	
2026-09-13 11:14:48	scan	shared/reporting-impl	13	ok	13,67	
2026-09-13 11:15:03	scan	shared/script-interpreter	15	ok	13,08	
2026-09-13 11:15:17	scan	shared/shared-incremental	13	ok	12,67	
2026-09-13 11:15:34	scan	shared/shared-io	17	ok	12,66	
2026-09-13 11:16:02	scan	shared/shared-jar	28	ok	14,97	
2026-09-13 11:16:15	scan	shared/shared-resources	13	ok	14,38	
2026-09-13 11:16:31	scan	shared/shared-utils	16	ok	16,61	
2026-09-13 11:16:45	scan	shared/verifier	14	ok	17,17	
2026-09-13 11:17:49	scan	sisu/sisu-project	64	ok	16,08	
2026-09-13 11:18:05	scan	site	16	ok	16,23	
2026-09-13 11:18:22	scan	studies/maven-basedir-filesystem	17	ok	14,33	
2026-09-13 11:18:50	scan	studies/maven-ci-extension	28	ok	13,50	
2026-09-13 11:19:07	scan	studies/maven-default-plugins	17	ok	15,36	
2026-09-13 12:06:40	scan	core/3.x/its-3	218	ok	15,68	
2026-09-13 12:08:38	scan	core/3.x/maven-3	118	ok	23,27	
2026-09-13 12:09:13	scan	core/3.x/mvnd-1	35	ok	17,57	
2026-09-13 12:09:29	scan	core/build-cache	16	ok	18,65	
2026-09-13 12:12:09	scan	core/maven	159	ok	14,97	
2026-09-14 03:04:07	clean-install--fae--Dsurefire.rerunFailingTestsCount=2	core/build-cache	118	ok	7.03	
2026-09-14 03:19:04	clean-install--fae--Dsurefire.rerunFailingTestsCount=2	core/maven	891	ok	8.53	
2026-09-14 03:29:56	clean-install--fae--Dsurefire.rerunFailingTestsCount=2	core/resolver	649	ok	7.28	
2026-09-14 03:31:23	clean-install--fae--Dsurefire.rerunFailingTestsCount=2	plugins/packaging/maven-ear-plugin	86	ok	7.70	
2026-09-14 03:32:27	clean-install--fae--Dsurefire.rerunFailingTestsCount=2	plugins/packaging/maven-ejb-plugin	64	ok	7.08	
2026-09-14 03:33:24	clean-install--fae--Dsurefire.rerunFailingTestsCount=2	plugins/reporting/maven-changelog-plugin	57	ok	9.73	
2026-09-14 03:34:17	clean-install--fae--Dsurefire.rerunFailingTestsCount=2	plugins/reporting/maven-doap-plugin	52	ok	9.50	
2026-09-14 03:48:27	scan	core/3.x/its-3	830	ok	6.70	
2026-09-14 03:59:41	scan	core/3.x/maven-3	673	ok	4.60	
2026-09-14 04:02:25	scan	core/3.x/mvnd-1	164	ok	12.43	
2026-09-14 04:04:24	scan	core/build-cache	119	ok	8.01	
2026-09-14 04:18:10	scan	core/maven	825	ok	10.43	
2026-09-14 04:31:59	scan	core/maven-4.0.x	828	ok	5.08	
2026-09-14 04:34:49	scan	core/mvnd	168	ok	5.74	
2026-09-14 04:44:52	scan	core/resolver	601	ok	7.68	
2026-09-14 04:47:22	scan	core/resolver-ant-tasks	149	ok	9.22	
2026-09-14 04:52:14	scan	core/wrapper	290	ok	5.41	
2026-09-14 04:57:07	scan	doxia/doxia	291	ok	7.38	
2026-09-14 05:04:45	scan	doxia/sitetools	457	ok	17.37	
2026-09-14 05:06:46	scan	doxia/tools/converter	121	ok	11.81	
2026-09-14 05:13:59	scan	misc/archetypes	432	ok	11.76	
2026-09-14 05:20:20	scan	misc/dist-tool	381	ok	8.50	
2026-09-14 05:27:06	scan	misc/executor	406	ok	7.32	
2026-09-14 05:28:48	scan	misc/gh-actions-shared/v5	101	ok	6.45	
2026-09-14 05:35:54	scan	misc/indexer	425	ok	6.52	
2026-09-14 05:37:45	scan	misc/pom/apache	110	ok	8.27	
2026-09-14 05:41:35	scan	misc/pom/apache-resources	230	ok	9.53	
2026-09-14 05:44:06	scan	misc/pom/maven	151	ok	7.06	
2026-09-14 05:45:50	scan	misc/skins/fluido	103	ok	8.33	
2026-09-14 05:54:57	scan	misc/wagon	546	ok	6.05	
2026-09-14 05:57:29	scan	plexus/build-api	152	ok	7.77	
2026-09-14 05:58:43	scan	plexus/classworlds	73	ok	11.55	
2026-09-14 05:59:27	scan	plexus/codehaus-plexus.github.io	43	ok	12.32	
2026-09-14 06:01:17	scan	plexus/components/archiver	109	ok	7.85	
2026-09-14 06:13:31	scan	plexus/components/compiler	734	ok	5.67	
2026-09-14 06:15:30	scan	plexus/components/i18n	118	ok	4.99	
2026-09-14 06:16:31	scan	plexus/components/interactivity	61	ok	9.36	
2026-09-14 06:17:35	scan	plexus/components/interpolation	64	ok	9.50	
2026-09-14 06:18:41	scan	plexus/components/io	66	ok	8.64	
2026-09-14 06:20:10	scan	plexus/components/languages	88	ok	7.26	
2026-09-14 06:21:08	scan	plexus/components/resources	58	ok	9.47	
2026-09-14 06:22:12	scan	plexus/components/sec-dispatcher	64	ok	8.53	
2026-09-14 06:23:02	scan	plexus/components/velocity	50	ok	7.49	
2026-09-14 06:28:14	scan	plexus/modello	311	ok	7.50	
2026-09-14 06:29:22	scan	plexus/pom/plexus	68	ok	8.56	
2026-09-14 06:30:14	scan	plexus/testing	52	ok	8.91	
2026-09-14 06:31:35	scan	plexus/utils	80	ok	7.23	
2026-09-14 06:33:22	scan	plexus/xml	107	ok	8.30	
2026-09-14 06:38:05	scan	plugins/core-4/maven-clean-plugin	282	ok	7.60	
2026-09-14 06:42:38	scan	plugins/core-4/maven-compiler-plugin	272	ok	7.57	
2026-09-14 06:44:59	scan	plugins/core-4/maven-deploy-plugin	136	ok	10.40	
2026-09-14 06:46:18	scan	plugins/core-4/maven-install-plugin	79	ok	11.59	
2026-09-14 06:49:01	scan	plugins/core-4/maven-resources-plugin	161	ok	10.35	
2026-09-14 06:51:43	scan	plugins/core/maven-clean-plugin	162	ok	9.17	
2026-09-14 06:52:50	scan	plugins/core/maven-compiler-plugin	66	ok	9.37	
2026-09-14 06:55:00	scan	plugins/core/maven-deploy-plugin	128	ok	9.79	
2026-09-14 06:59:06	scan	plugins/core/maven-install-plugin	236	ok	8.74	
2026-09-14 07:00:23	scan	plugins/core/maven-resources-plugin	77	ok	10.01	
2026-09-14 07:02:38	scan	plugins/core/maven-site-plugin	134	ok	8.28	
2026-09-14 07:08:29	scan	plugins/core/surefire	350	ok	4.82	
2026-09-14 07:11:33	scan	plugins/packaging-4/maven-jar-plugin	184	ok	6.84	
2026-09-14 07:13:46	scan	plugins/packaging-4/maven-source-plugin	132	ok	7.60	
2026-09-14 07:17:00	scan	plugins/packaging/maven-acr-plugin	194	ok	7.44	
2026-09-14 07:19:27	scan	plugins/packaging/maven-ear-plugin	145	ok	10.35	
2026-09-14 07:21:36	scan	plugins/packaging/maven-ejb-plugin	127	ok	10.42	
2026-09-14 07:22:44	scan	plugins/packaging/maven-jar-plugin	68	ok	9.16	
2026-09-14 07:24:49	scan	plugins/packaging/maven-jlink-plugin	124	ok	7.71	
2026-09-14 07:26:50	scan	plugins/packaging/maven-jmod-plugin	119	ok	6.58	
2026-09-14 07:31:09	scan	plugins/packaging/maven-rar-plugin	259	ok	5.51	
2026-09-14 07:33:53	scan	plugins/packaging/maven-shade-plugin	163	ok	7.39	
2026-09-14 07:35:55	scan	plugins/packaging/maven-source-plugin	120	ok	10.71	
2026-09-14 07:37:20	scan	plugins/packaging/maven-war-plugin	85	ok	10.02	
2026-09-14 07:41:12	scan	plugins/reporting/jxr	231	ok	8.72	
2026-09-14 07:44:14	scan	plugins/reporting/maven-changelog-plugin	182	ok	7.94	
2026-09-14 07:46:30	scan	plugins/reporting/maven-changes-plugin	136	ok	6.66	
2026-09-14 07:50:56	scan	plugins/reporting/maven-checkstyle-plugin	265	ok	10.24	
2026-09-14 07:53:23	scan	plugins/reporting/maven-doap-plugin	147	ok	7.61	
2026-09-14 07:55:24	scan	plugins/reporting/maven-javadoc-plugin	121	ok	7.07	
2026-09-14 07:56:32	scan	plugins/reporting/maven-jdeps-plugin	67	ok	6.98	
2026-09-14 08:02:23	scan	plugins/reporting/maven-pmd-plugin	350	ok	13.61	
2026-09-14 08:06:44	scan	plugins/reporting/maven-project-info-reports-plugin	261	ok	12.12	
2026-09-14 08:14:12	scan	plugins/tools/archetype	448	ok	7.69	
2026-09-14 08:17:06	scan	plugins/tools/enforcer	173	ok	7.52	
2026-09-14 08:18:03	scan	plugins/tools/maven-antrun-plugin	56	ok	8.44	
2026-09-14 08:19:11	scan	plugins/tools/maven-artifact-plugin	67	ok	10.90	
2026-09-14 08:21:21	scan	plugins/tools/maven-assembly-plugin	129	ok	13.34	
2026-09-14 08:26:16	scan	plugins/tools/maven-dependency-plugin	293	ok	16.26	
2026-09-14 08:29:18	scan	plugins/tools/maven-gpg-plugin	182	ok	16.85	
2026-09-14 08:32:44	scan	plugins/tools/maven-help-plugin	206	ok	7.58	
2026-09-14 08:35:27	scan	plugins/tools/maven-invoker-plugin	161	ok	11.83	
2026-09-14 08:38:07	scan	plugins/tools/maven-jarsigner-plugin	160	ok	18.34	
2026-09-14 08:41:24	scan	plugins/tools/maven-jdeprscan-plugin	197	ok	11.62	
2026-09-14 08:44:59	scan	plugins/tools/maven-remote-resources-plugin	213	ok	12.81	
2026-09-14 08:48:08	scan	plugins/tools/maven-scm-publish-plugin	189	ok	14.54	
2026-09-14 08:51:15	scan	plugins/tools/maven-scripting-plugin	187	ok	11.78	
2026-09-14 08:55:49	scan	plugins/tools/maven-toolchains-plugin	272	ok	9.61	
2026-09-14 09:03:09	scan	plugins/tools/plugin-tools	440	ok	11.37	
2026-09-14 09:10:56	scan	plugins/tools/release	467	ok	10.44	
2026-09-14 09:25:00	scan	plugins/tools/scm	844	ok	9.04	
2026-09-14 09:28:50	scan	shared-4/archiver	228	ok	8.21	
2026-09-14 09:31:19	scan	shared-4/filtering	148	ok	9.34	
2026-09-14 09:32:52	scan	shared/archiver	92	ok	9.72	
2026-09-14 09:34:14	scan	shared/common-artifact-filters	81	ok	9.11	
2026-09-14 09:35:48	scan	shared/dependency-analyzer	94	ok	12.15	
2026-09-14 09:38:33	scan	shared/dependency-tree	165	ok	12.01	
2026-09-14 09:42:59	scan	shared/file-management	266	ok	9.41	
2026-09-14 09:47:55	scan	shared/filtering	294	ok	15.69	
2026-09-14 09:55:25	scan	shared/invoker	449	ok	11.42	
2026-09-14 09:57:44	scan	shared/jarsigner	138	ok	9.27	
2026-09-14 09:58:39	scan	shared/mapping	54	ok	10.37	
2026-09-14 09:59:50	scan	shared/reporting-api	70	ok	18.72	
2026-09-14 10:01:07	scan	shared/reporting-exec	77	ok	13.91	
2026-09-14 10:02:25	scan	shared/reporting-impl	78	ok	13.58	
2026-09-14 10:04:06	scan	shared/script-interpreter	100	ok	15.04	
2026-09-14 10:05:44	scan	shared/shared-incremental	98	ok	14.05	
2026-09-14 10:07:16	scan	shared/shared-io	92	ok	10.20	
2026-09-14 10:09:05	scan	shared/shared-jar	108	ok	9.89	
2026-09-14 10:10:59	scan	shared/shared-resources	113	ok	11.27	
2026-09-14 10:13:02	scan	shared/shared-utils	122	ok	14.60	
2026-09-14 10:15:15	scan	shared/verifier	132	ok	10.48	
2026-09-14 10:24:56	scan	sisu/sisu-project	580	ok	7.00	
2026-09-14 10:28:04	scan	site	187	ok	10.63	
2026-09-14 10:31:12	scan	studies/maven-basedir-filesystem	187	ok	12.17	
2026-09-14 10:36:34	scan	studies/maven-ci-extension	322	ok	9.06	
2026-09-14 10:39:18	scan	studies/maven-default-plugins	164	ok	13.86	
2026-09-14 14:15:28	clean-install--fae--Dsurefire.rerunFailingTestsCount=2	core/3.x/maven-3	45	ok	11,34	
2026-09-14 14:19:09	clean-install--fae--Dsurefire.rerunFailingTestsCount=2	core/3.x/mvnd-1	217	failed	38,40	
2026-09-14 14:19:27	clean-install--fae--Dsurefire.rerunFailingTestsCount=2	core/build-cache	18	ok	38,17	
2026-09-14 14:22:13	clean-install--fae--Dsurefire.rerunFailingTestsCount=2	core/maven	164	ok	18,98	
2026-09-14 14:24:39	clean-install--fae--Dsurefire.rerunFailingTestsCount=2	core/maven-4.0.x	145	ok	19,27	
2026-09-14 14:30:16	clean-install--fae--Dsurefire.rerunFailingTestsCount=2	core/mvnd	333	failed	43,10	
2026-09-14 14:33:10	clean-install--fae--Dsurefire.rerunFailingTestsCount=2	core/resolver	173	ok	18,79	
2026-09-14 14:33:16	clean-install--fae--Dsurefire.rerunFailingTestsCount=2	misc/gh-actions-shared/v5	6	ok	17,77	
2026-09-14 14:34:44	clean-install--fae--Dsurefire.rerunFailingTestsCount=2	misc/indexer	86	ok	17,49	
2026-09-14 14:34:50	clean-install--fae--Dsurefire.rerunFailingTestsCount=2	misc/pom/maven	6	ok	16,49	
2026-09-14 14:34:57	clean-install--fae--Dsurefire.rerunFailingTestsCount=2	plexus/components/interactivity	7	ok	20,13	
2026-09-14 14:35:05	clean-install--fae--Dsurefire.rerunFailingTestsCount=2	plugins/packaging/maven-ear-plugin	8	ok	21,08	
2026-09-14 14:35:14	clean-install--fae--Dsurefire.rerunFailingTestsCount=2	plugins/packaging/maven-ejb-plugin	9	ok	27,00	
2026-09-14 14:35:24	clean-install--fae--Dsurefire.rerunFailingTestsCount=2	plugins/reporting/maven-changelog-plugin	10	ok	27,61	
2026-09-14 14:35:37	clean-install--fae--Dsurefire.rerunFailingTestsCount=2	plugins/reporting/maven-checkstyle-plugin	13	ok	35,15	
2026-09-14 14:35:51	clean-install--fae--Dsurefire.rerunFailingTestsCount=2	plugins/reporting/maven-doap-plugin	14	ok	31,41	
2026-09-14 14:36:03	clean-install--fae--Dsurefire.rerunFailingTestsCount=2	plugins/tools/maven-gpg-plugin	12	ok	29,81	
2026-09-14 14:36:12	clean-install--fae--Dsurefire.rerunFailingTestsCount=2	plugins/tools/maven-help-plugin	9	ok	30,14	
2026-09-14 14:40:22	scan	core/3.x/its-3	244	ok	11,58	
2026-09-14 14:42:24	scan	core/3.x/maven-3	122	ok	13,89	
2026-09-14 14:43:08	scan	core/3.x/mvnd-1	44	ok	16,40	
2026-09-14 14:43:28	scan	core/build-cache	20	ok	18,04	
2026-09-14 14:46:21	scan	core/maven	173	ok	9,09	
2026-09-14 14:49:02	scan	core/maven-4.0.x	161	ok	15,71	
2026-09-14 14:49:41	scan	core/mvnd	39	ok	15,16	
2026-09-14 14:51:17	scan	core/resolver	96	ok	12,56	
2026-09-14 14:51:40	scan	core/resolver-ant-tasks	23	ok	11,24	
2026-09-14 14:52:22	scan	core/wrapper	42	ok	12,24	
2026-09-14 14:53:13	scan	doxia/doxia	51	ok	11,09	
2026-09-14 14:54:33	scan	doxia/sitetools	80	ok	13,43	
2026-09-14 14:54:50	scan	doxia/tools/converter	17	ok	13,96	
2026-09-14 14:56:35	scan	misc/archetypes	105	ok	13,36	
2026-09-14 14:57:34	scan	misc/dist-tool	59	ok	16,85	
2026-09-14 14:58:56	scan	misc/executor	81	ok	18,00	
2026-09-14 14:59:08	scan	misc/gh-actions-shared/v5	12	ok	16,88	
2026-09-14 15:00:13	scan	misc/indexer	65	ok	15,74	
2026-09-14 15:00:31	scan	misc/pom/apache	18	ok	15,94	
2026-09-14 15:01:02	scan	misc/pom/apache-resources	31	ok	17,17	
2026-09-14 15:01:34	scan	misc/pom/maven	32	ok	13,59	
2026-09-14 15:01:47	scan	misc/skins/fluido	13	ok	15,56	
2026-09-14 15:03:12	scan	misc/wagon	85	ok	26,72	
2026-09-14 15:03:29	scan	plexus/build-api	17	ok	22,95	
2026-09-14 15:03:45	scan	plexus/classworlds	16	ok	19,66	
2026-09-14 15:03:57	scan	plexus/codehaus-plexus.github.io	12	ok	17,53	
2026-09-14 15:04:17	scan	plexus/components/archiver	20	ok	18,88	
2026-09-14 15:06:06	scan	plexus/components/compiler	109	ok	14,09	
2026-09-14 15:06:19	scan	plexus/components/i18n	13	ok	13,54	
2026-09-14 15:06:33	scan	plexus/components/interactivity	14	ok	14,56	
2026-09-14 15:06:47	scan	plexus/components/interpolation	14	ok	17,36	
2026-09-14 15:07:00	scan	plexus/components/io	13	ok	17,39	
2026-09-14 15:07:21	scan	plexus/components/languages	20	ok	17,08	
2026-09-14 15:07:39	scan	plexus/components/resources	18	ok	17,43	
2026-09-14 15:07:56	scan	plexus/components/sec-dispatcher	17	ok	14,93	
2026-09-14 15:08:12	scan	plexus/components/velocity	16	ok	15,62	
2026-09-14 15:09:27	scan	plexus/modello	75	ok	14,29	
2026-09-14 15:09:45	scan	plexus/pom/plexus	18	ok	18,59	
2026-09-14 15:10:00	scan	plexus/testing	15	ok	18,91	
2026-09-14 15:10:21	scan	plexus/utils	21	ok	19,93	
2026-09-14 15:10:45	scan	plexus/xml	24	ok	18,14	
2026-09-14 15:11:43	scan	plugins/core-4/maven-clean-plugin	58	ok	19,37	
2026-09-14 15:12:12	scan	plugins/core-4/maven-compiler-plugin	29	ok	21,37	
2026-09-14 15:12:38	scan	plugins/core-4/maven-deploy-plugin	26	ok	19,88	
2026-09-14 15:13:00	scan	plugins/core-4/maven-install-plugin	22	ok	20,36	
2026-09-14 15:13:47	scan	plugins/core-4/maven-resources-plugin	47	ok	23,52	
2026-09-14 15:14:20	scan	plugins/core/maven-clean-plugin	33	ok	23,80	
2026-09-14 15:14:41	scan	plugins/core/maven-compiler-plugin	21	ok	25,91	
2026-09-14 15:14:55	scan	plugins/core/maven-deploy-plugin	14	ok	31,76	
2026-09-14 15:15:09	scan	plugins/core/maven-install-plugin	14	ok	28,09	
2026-09-14 15:15:23	scan	plugins/core/maven-resources-plugin	14	ok	25,72	
2026-09-14 15:15:44	scan	plugins/core/maven-site-plugin	21	ok	25,53	
2026-09-14 15:16:46	scan	plugins/core/surefire	62	ok	19,51	
2026-09-14 15:17:10	scan	plugins/packaging-4/maven-jar-plugin	24	ok	18,51	
2026-09-14 15:17:25	scan	plugins/packaging-4/maven-source-plugin	15	ok	23,72	
2026-09-14 15:17:44	scan	plugins/packaging/maven-acr-plugin	19	ok	19,58	
2026-09-14 15:18:00	scan	plugins/packaging/maven-ear-plugin	16	ok	17,68	
2026-09-14 15:18:13	scan	plugins/packaging/maven-ejb-plugin	13	ok	20,60	
2026-09-14 15:18:25	scan	plugins/packaging/maven-jar-plugin	12	ok	21,88	
2026-09-14 15:18:37	scan	plugins/packaging/maven-jlink-plugin	12	ok	22,05	
2026-09-14 15:18:48	scan	plugins/packaging/maven-jmod-plugin	11	ok	21,43	
2026-09-14 15:19:11	scan	plugins/packaging/maven-rar-plugin	23	ok	19,37	
2026-09-14 15:19:28	scan	plugins/packaging/maven-shade-plugin	17	ok	20,16	
2026-09-14 15:19:41	scan	plugins/packaging/maven-source-plugin	13	ok	18,78	
2026-09-14 15:19:56	scan	plugins/packaging/maven-war-plugin	15	ok	17,67	
2026-09-14 15:20:15	scan	plugins/reporting/jxr	19	ok	26,69	
2026-09-14 15:20:28	scan	plugins/reporting/maven-changelog-plugin	13	ok	24,01	
2026-09-14 15:20:43	scan	plugins/reporting/maven-changes-plugin	15	ok	21,57	
2026-09-14 15:21:14	scan	plugins/reporting/maven-checkstyle-plugin	31	ok	17,80	
2026-09-14 15:21:32	scan	plugins/reporting/maven-doap-plugin	18	ok	15,18	
2026-09-14 15:21:51	scan	plugins/reporting/maven-javadoc-plugin	19	ok	13,79	
2026-09-14 15:22:03	scan	plugins/reporting/maven-jdeps-plugin	12	ok	12,33	
2026-09-14 15:22:39	scan	plugins/reporting/maven-pmd-plugin	36	ok	9,96	
2026-09-14 15:23:07	scan	plugins/reporting/maven-project-info-reports-plugin	27	ok	13,54	
2026-09-14 15:24:08	scan	plugins/tools/archetype	61	ok	9,36	
2026-09-14 15:24:34	scan	plugins/tools/enforcer	26	ok	8,28	
2026-09-14 15:24:51	scan	plugins/tools/maven-antrun-plugin	17	ok	13,45	
2026-09-14 15:25:08	scan	plugins/tools/maven-artifact-plugin	16	ok	22,86	
2026-09-14 15:25:26	scan	plugins/tools/maven-assembly-plugin	18	ok	22,52	
2026-09-14 15:25:53	scan	plugins/tools/maven-dependency-plugin	27	ok	22,80	
2026-09-14 15:26:12	scan	plugins/tools/maven-gpg-plugin	19	ok	20,96	
2026-09-14 15:26:34	scan	plugins/tools/maven-help-plugin	22	ok	18,22	
2026-09-14 15:26:49	scan	plugins/tools/maven-invoker-plugin	14	ok	16,87	
2026-09-14 15:27:02	scan	plugins/tools/maven-jarsigner-plugin	13	ok	18,72	
2026-09-14 15:27:14	scan	plugins/tools/maven-jdeprscan-plugin	12	ok	17,24	
2026-09-14 15:27:27	scan	plugins/tools/maven-remote-resources-plugin	13	ok	15,72	
2026-09-14 15:27:41	scan	plugins/tools/maven-scm-publish-plugin	14	ok	13,99	
2026-09-14 15:27:54	scan	plugins/tools/maven-scripting-plugin	13	ok	18,98	
2026-09-14 15:28:08	scan	plugins/tools/maven-toolchains-plugin	14	ok	19,86	
2026-09-14 15:28:41	scan	plugins/tools/plugin-tools	33	ok	16,57	
2026-09-14 15:29:15	scan	plugins/tools/release	34	ok	15,58	
2026-09-14 15:31:11	scan	plugins/tools/scm	115	ok	15,23	
2026-09-14 15:31:36	scan	shared-4/archiver	25	ok	14,32	
2026-09-14 15:32:03	scan	shared-4/filtering	27	ok	13,19	
2026-09-14 15:32:19	scan	shared/archiver	16	ok	14,82	
2026-09-14 15:32:37	scan	shared/common-artifact-filters	18	ok	15,80	
2026-09-14 15:32:54	scan	shared/dependency-analyzer	17	ok	16,42	
2026-09-14 15:33:11	scan	shared/dependency-tree	17	ok	16,16	
2026-09-14 15:33:28	scan	shared/file-management	17	ok	18,40	
2026-09-14 15:33:50	scan	shared/filtering	22	ok	55,52	
2026-09-14 15:35:22	scan	shared/invoker	92	ok	33,10	
2026-09-14 15:35:39	scan	shared/jarsigner	16	ok	42,51	
2026-09-14 15:35:56	scan	shared/mapping	17	ok	43,45	
2026-09-14 15:36:12	scan	shared/reporting-api	16	ok	46,50	
2026-09-14 15:36:25	scan	shared/reporting-exec	13	ok	40,49	
2026-09-14 15:36:38	scan	shared/reporting-impl	13	ok	33,25	
2026-09-14 15:36:51	scan	shared/script-interpreter	13	ok	33,06	
2026-09-14 15:37:03	scan	shared/shared-incremental	12	ok	28,92	
2026-09-14 15:37:16	scan	shared/shared-io	13	ok	25,82	
2026-09-14 15:37:32	scan	shared/shared-jar	16	ok	20,69	
2026-09-14 15:37:44	scan	shared/shared-resources	12	ok	18,37	
2026-09-14 15:37:58	scan	shared/shared-utils	14	ok	15,57	
2026-09-14 15:38:11	scan	shared/verifier	13	ok	14,11	
2026-09-14 15:39:06	scan	sisu/sisu-project	55	ok	12,83	
2026-09-14 15:39:20	scan	site	14	ok	11,57	
2026-09-14 15:39:35	scan	studies/maven-basedir-filesystem	15	ok	10,01	
2026-09-14 15:40:00	scan	studies/maven-ci-extension	25	ok	8,88	
2026-09-14 15:40:17	scan	studies/maven-default-plugins	16	ok	8,20	
2026-09-15 03:10:27	clean-install--fae--Dsurefire.rerunFailingTestsCount=2	core/3.x/maven-3	479	ok	15.11	
2026-09-15 03:32:42	clean-install--fae--Dsurefire.rerunFailingTestsCount=2	core/maven	1329	ok	5.91	
2026-09-15 03:54:49	clean-install--fae--Dsurefire.rerunFailingTestsCount=2	core/maven-4.0.x	1320	ok	8.74	
2026-09-15 04:10:56	clean-install--fae--Dsurefire.rerunFailingTestsCount=2	core/resolver	963	ok	9.80	
2026-09-15 04:13:08	clean-install--fae--Dsurefire.rerunFailingTestsCount=2	doxia/sitetools	131	ok	9.00	
2026-09-15 04:14:32	clean-install--fae--Dsurefire.rerunFailingTestsCount=2	misc/dist-tool	82	ok	9.46	
2026-09-15 04:15:09	clean-install--fae--Dsurefire.rerunFailingTestsCount=2	misc/gh-actions-shared/v5	36	ok	8.76	
2026-09-15 04:17:28	clean-install--fae--Dsurefire.rerunFailingTestsCount=2	plugins/core-4/maven-compiler-plugin	138	ok	14.28	
2026-09-15 04:19:41	clean-install--fae--Dsurefire.rerunFailingTestsCount=2	plugins/core/maven-compiler-plugin	131	ok	10.67	
2026-09-15 04:21:30	clean-install--fae--Dsurefire.rerunFailingTestsCount=2	plugins/core/maven-site-plugin	108	ok	8.07	
2026-09-15 04:23:38	clean-install--fae--Dsurefire.rerunFailingTestsCount=2	plugins/packaging/maven-jlink-plugin	126	ok	12.43	
2026-09-15 04:26:16	clean-install--fae--Dsurefire.rerunFailingTestsCount=2	plugins/tools/enforcer	157	ok	9.98	
2026-09-15 04:28:24	clean-install--fae--Dsurefire.rerunFailingTestsCount=2	plugins/tools/maven-invoker-plugin	127	ok	7.84	
2026-09-15 04:29:48	clean-install--fae--Dsurefire.rerunFailingTestsCount=2	shared/shared-io	83	ok	12.54	
2026-09-15 04:30:36	clean-install--fae--Dsurefire.rerunFailingTestsCount=2	site	47	ok	9.16	
2026-09-15 04:44:30	scan	core/3.x/its-3	815	ok	9.53	
2026-09-15 04:59:02	scan	core/3.x/maven-3	871	ok	8.24	
2026-09-15 05:02:02	scan	core/3.x/mvnd-1	180	ok	11.52	
2026-09-15 05:04:28	scan	core/build-cache	146	ok	14.03	
2026-09-15 05:20:00	scan	core/maven	932	ok	8.63	
2026-09-15 05:35:39	scan	core/maven-4.0.x	939	ok	10.37	
2026-09-15 05:40:11	scan	core/mvnd	270	ok	10.76	
2026-09-15 05:52:03	scan	core/resolver	712	ok	8.07	
2026-09-15 05:56:04	scan	core/resolver-ant-tasks	240	ok	7.56	
2026-09-15 06:00:18	scan	core/wrapper	254	ok	8.42	
2026-09-15 06:05:27	scan	doxia/doxia	309	ok	9.02	
2026-09-15 06:14:35	scan	doxia/sitetools	547	ok	5.04	
2026-09-15 06:16:53	scan	doxia/tools/converter	136	ok	8.97	
2026-09-15 06:25:32	scan	misc/archetypes	518	ok	6.89	
2026-09-15 06:32:04	scan	misc/dist-tool	391	ok	8.16	
2026-09-15 06:40:20	scan	misc/executor	496	ok	7.05	
2026-09-15 06:42:30	scan	misc/gh-actions-shared/v5	129	ok	7.91	
2026-09-15 06:51:34	scan	misc/indexer	542	ok	5.94	
2026-09-15 06:55:13	scan	misc/pom/apache	213	ok	10.35	
2026-09-15 06:58:02	scan	misc/pom/apache-resources	168	ok	7.53	
2026-09-15 07:00:53	scan	misc/pom/maven	169	ok	9.08	
2026-09-15 07:02:43	scan	misc/skins/fluido	110	ok	9.27	
2026-09-15 07:13:15	scan	misc/wagon	632	ok	6.20	
2026-09-15 07:15:55	scan	plexus/build-api	160	ok	7.73	
2026-09-15 07:17:09	scan	plexus/classworlds	74	ok	12.32	
2026-09-15 07:17:58	scan	plexus/codehaus-plexus.github.io	48	ok	9.22	
2026-09-15 07:20:01	scan	plexus/components/archiver	122	ok	7.46	
2026-09-15 07:38:14	scan	plexus/components/compiler	1092	ok	8.26	
2026-09-15 07:40:24	scan	plexus/components/i18n	128	ok	8.35	
2026-09-15 07:41:47	scan	plexus/components/interactivity	83	ok	10.03	
2026-09-15 07:43:26	scan	plexus/components/interpolation	98	ok	14.82	
2026-09-15 07:44:47	scan	plexus/components/io	81	ok	10.76	
2026-09-15 07:48:44	scan	plexus/components/languages	235	ok	11.15	
2026-09-15 07:51:48	scan	plexus/components/resources	183	ok	7.69	
2026-09-15 07:55:57	scan	plexus/components/sec-dispatcher	245	ok	13.08	
2026-09-15 08:01:44	scan	plexus/components/velocity	347	ok	14.07	
2026-09-15 08:14:33	scan	plexus/modello	768	ok	13.71	
2026-09-15 08:20:18	scan	plexus/pom/plexus	342	ok	18.52	
2026-09-15 08:24:04	scan	plexus/testing	226	ok	8.54	
2026-09-15 08:26:53	scan	plexus/utils	167	ok	9.92	
2026-09-15 08:31:01	scan	plexus/xml	247	ok	10.03	
2026-09-15 08:38:06	scan	plugins/core-4/maven-clean-plugin	423	ok	6.27	
2026-09-15 08:40:51	scan	plugins/core-4/maven-compiler-plugin	165	ok	7.65	
2026-09-15 08:45:02	scan	plugins/core-4/maven-deploy-plugin	250	ok	15.04	
2026-09-15 08:48:08	scan	plugins/core-4/maven-install-plugin	186	ok	9.10	
2026-09-15 08:53:31	scan	plugins/core-4/maven-resources-plugin	323	ok	9.65	
2026-09-15 08:57:31	scan	plugins/core/maven-clean-plugin	239	ok	10.44	
2026-09-15 09:00:25	scan	plugins/core/maven-compiler-plugin	174	ok	13.75	
2026-09-15 09:02:22	scan	plugins/core/maven-deploy-plugin	115	ok	12.38	
2026-09-15 09:05:47	scan	plugins/core/maven-install-plugin	205	ok	11.69	
2026-09-15 09:12:48	scan	plugins/core/maven-resources-plugin	421	ok	13.91	
2026-09-15 09:16:44	scan	plugins/core/maven-site-plugin	234	ok	13.05	
2026-09-15 09:23:39	scan	plugins/core/surefire	415	ok	11.33	
2026-09-15 09:27:55	scan	plugins/packaging-4/maven-jar-plugin	256	ok	7.48	
2026-09-15 09:30:51	scan	plugins/packaging-4/maven-source-plugin	175	ok	7.64	
2026-09-15 09:38:38	scan	plugins/packaging/maven-acr-plugin	466	ok	26.07	
2026-09-15 09:42:15	scan	plugins/packaging/maven-ear-plugin	215	ok	9.77	
2026-09-15 09:44:45	scan	plugins/packaging/maven-ejb-plugin	150	ok	11.67	
2026-09-15 09:46:07	scan	plugins/packaging/maven-jar-plugin	82	ok	9.68	
2026-09-15 09:48:33	scan	plugins/packaging/maven-jlink-plugin	146	ok	6.54	
2026-09-15 09:51:00	scan	plugins/packaging/maven-jmod-plugin	147	ok	6.64	
2026-09-15 09:58:13	scan	plugins/packaging/maven-rar-plugin	433	ok	11.91	
2026-09-15 10:04:24	scan	plugins/packaging/maven-shade-plugin	370	ok	15.63	
2026-09-15 10:07:20	scan	plugins/packaging/maven-source-plugin	176	ok	11.91	
2026-09-15 10:10:19	scan	plugins/packaging/maven-war-plugin	178	ok	7.95	
2026-09-15 10:14:13	scan	plugins/reporting/jxr	233	ok	7.88	
2026-09-15 10:17:13	scan	plugins/reporting/maven-changelog-plugin	178	ok	8.17	
2026-09-15 10:21:11	scan	plugins/reporting/maven-changes-plugin	238	ok	10.83	
2026-09-15 10:26:47	scan	plugins/reporting/maven-checkstyle-plugin	336	ok	14.51	
2026-09-15 10:30:19	scan	plugins/reporting/maven-doap-plugin	211	ok	13.81	
2026-09-15 10:35:19	scan	plugins/reporting/maven-javadoc-plugin	299	ok	22.03	
2026-09-15 10:38:19	scan	plugins/reporting/maven-jdeps-plugin	179	ok	9.71	
2026-09-15 10:45:37	scan	plugins/reporting/maven-pmd-plugin	437	ok	12.66	
2026-09-15 10:49:47	scan	plugins/reporting/maven-project-info-reports-plugin	250	ok	9.53	
2026-09-15 11:00:43	scan	plugins/tools/archetype	656	ok	11.67	
2026-09-15 11:06:47	scan	plugins/tools/enforcer	362	ok	11.16	
2026-09-15 11:09:16	scan	plugins/tools/maven-antrun-plugin	149	ok	6.23	
2026-09-15 11:12:06	scan	plugins/tools/maven-artifact-plugin	170	ok	11.64	
2026-09-15 11:15:38	scan	plugins/tools/maven-assembly-plugin	211	ok	17.20	
2026-09-15 11:20:24	scan	plugins/tools/maven-dependency-plugin	285	ok	17.44	
2026-09-15 11:24:25	scan	plugins/tools/maven-gpg-plugin	240	ok	14.07	
2026-09-15 11:28:59	scan	plugins/tools/maven-help-plugin	273	ok	24.68	
2026-09-15 11:32:20	scan	plugins/tools/maven-invoker-plugin	201	ok	17.40	
2026-09-15 11:34:56	scan	plugins/tools/maven-jarsigner-plugin	156	ok	11.22	
2026-09-15 11:36:24	scan	plugins/tools/maven-jdeprscan-plugin	86	ok	15.93	
2026-09-15 11:39:10	scan	plugins/tools/maven-remote-resources-plugin	166	ok	8.16	
2026-09-15 11:42:05	scan	plugins/tools/maven-scm-publish-plugin	174	ok	7.80	
2026-09-15 11:44:22	scan	plugins/tools/maven-scripting-plugin	137	ok	10.57	
2026-09-15 11:46:18	scan	plugins/tools/maven-toolchains-plugin	116	ok	12.47	
2026-09-15 11:50:50	scan	plugins/tools/plugin-tools	271	ok	14.03	
2026-09-15 11:55:19	scan	plugins/tools/release	268	ok	10.98	
2026-09-15 12:10:29	scan	plugins/tools/scm	909	ok	13.31	
2026-09-15 12:14:06	scan	shared-4/archiver	215	ok	8.33	
2026-09-15 12:16:48	scan	shared-4/filtering	161	ok	12.78	
2026-09-15 12:18:23	scan	shared/archiver	95	ok	14.03	
2026-09-15 12:19:47	scan	shared/common-artifact-filters	84	ok	11.52	
2026-09-15 12:21:20	scan	shared/dependency-analyzer	93	ok	12.96	
2026-09-15 12:23:13	scan	shared/dependency-tree	111	ok	13.38	
2026-09-15 12:25:42	scan	shared/file-management	149	ok	7.94	
2026-09-15 12:28:50	scan	shared/filtering	187	ok	10.02	
2026-09-15 12:37:29	scan	shared/invoker	518	ok	17.35	
2026-09-15 12:39:46	scan	shared/jarsigner	136	ok	11.41	
2026-09-15 12:42:21	scan	shared/mapping	154	ok	13.86	
2026-09-15 12:44:41	scan	shared/reporting-api	139	ok	10.28	
2026-09-15 12:46:15	scan	shared/reporting-exec	94	ok	16.39	
2026-09-15 12:47:58	scan	shared/reporting-impl	102	ok	17.64	
2026-09-15 12:49:42	scan	shared/script-interpreter	104	ok	14.08	
2026-09-15 12:53:35	scan	shared/shared-incremental	232	ok	13.40	
2026-09-15 12:57:28	scan	shared/shared-io	231	ok	13.19	
2026-09-15 13:00:56	scan	shared/shared-jar	208	ok	8.52	
2026-09-15 13:02:52	scan	shared/shared-resources	114	ok	6.70	
2026-09-15 13:05:53	scan	shared/shared-utils	179	ok	12.02	
2026-09-15 13:07:56	scan	shared/verifier	122	ok	6.76	
2026-09-15 13:17:47	scan	sisu/sisu-project	591	ok	13.94	
2026-09-15 13:20:39	scan	site	171	ok	10.14	
2026-09-15 13:25:01	scan	studies/maven-basedir-filesystem	262	ok	11.39	
2026-09-15 13:31:15	scan	studies/maven-ci-extension	368	ok	9.67	
2026-09-15 13:33:45	scan	studies/maven-default-plugins	148	ok	13.66	
2026-09-16 03:09:02	clean-install--fae--Dsurefire.rerunFailingTestsCount=2	core/3.x/maven-3	415	ok	14.20	
2026-09-16 03:21:49	clean-install--fae--Dsurefire.rerunFailingTestsCount=2	core/3.x/mvnd-1	755	failed	9.60	
2026-09-16 03:23:39	clean-install--fae--Dsurefire.rerunFailingTestsCount=2	core/build-cache	108	ok	10.10	
2026-09-16 03:48:19	clean-install--fae--Dsurefire.rerunFailingTestsCount=2	core/maven	1474	ok	6.36	
2026-09-16 04:08:21	clean-install--fae--Dsurefire.rerunFailingTestsCount=2	core/maven-4.0.x	1195	ok	9.76	
2026-09-16 04:21:46	clean-install--fae--Dsurefire.rerunFailingTestsCount=2	core/mvnd	791	failed	9.67	
2026-09-16 04:32:44	clean-install--fae--Dsurefire.rerunFailingTestsCount=2	core/resolver	655	ok	7.26	
2026-09-16 04:35:03	clean-install--fae--Dsurefire.rerunFailingTestsCount=2	core/resolver-ant-tasks	138	ok	5.76	
2026-09-16 04:36:21	clean-install--fae--Dsurefire.rerunFailingTestsCount=2	core/wrapper	77	ok	9.64	
2026-09-16 04:37:30	clean-install--fae--Dsurefire.rerunFailingTestsCount=2	misc/dist-tool	68	ok	7.10	
2026-09-16 04:37:52	clean-install--fae--Dsurefire.rerunFailingTestsCount=2	misc/gh-actions-shared/v5	22	ok	7.01	
2026-09-16 04:38:03	clean-install--fae--Dsurefire.rerunFailingTestsCount=2	misc/pom/apache	11	ok	7.10	
2026-09-16 04:38:39	clean-install--fae--Dsurefire.rerunFailingTestsCount=2	misc/pom/maven	35	ok	9.92	
2026-09-16 04:43:37	clean-install--fae--Dsurefire.rerunFailingTestsCount=2	plexus/components/compiler	297	ok	13.91	
2026-09-16 04:44:33	clean-install--fae--Dsurefire.rerunFailingTestsCount=2	plexus/components/sec-dispatcher	55	ok	14.91	
2026-09-16 04:44:53	clean-install--fae--Dsurefire.rerunFailingTestsCount=2	plexus/pom/plexus	19	ok	13.14	
2026-09-16 04:45:58	clean-install--fae--Dsurefire.rerunFailingTestsCount=2	plugins/core/maven-site-plugin	63	ok	8.87	
2026-09-16 04:53:07	clean-install--fae--Dsurefire.rerunFailingTestsCount=2	plugins/core/surefire	423	ok	6.44	
2026-09-16 04:54:51	clean-install--fae--Dsurefire.rerunFailingTestsCount=2	plugins/packaging/maven-shade-plugin	104	ok	13.18	
2026-09-16 04:56:25	clean-install--fae--Dsurefire.rerunFailingTestsCount=2	plugins/reporting/maven-changelog-plugin	93	ok	7.91	
2026-09-16 04:58:05	clean-install--fae--Dsurefire.rerunFailingTestsCount=2	plugins/reporting/maven-changes-plugin	99	ok	12.18	
2026-09-16 04:59:59	clean-install--fae--Dsurefire.rerunFailingTestsCount=2	plugins/reporting/maven-checkstyle-plugin	113	ok	11.43	
2026-09-16 05:02:02	clean-install--fae--Dsurefire.rerunFailingTestsCount=2	plugins/reporting/maven-doap-plugin	123	ok	16.22	
2026-09-16 05:05:13	clean-install--fae--Dsurefire.rerunFailingTestsCount=2	plugins/reporting/maven-javadoc-plugin	189	ok	7.68	
2026-09-16 05:07:55	clean-install--fae--Dsurefire.rerunFailingTestsCount=2	plugins/reporting/maven-pmd-plugin	161	ok	5.36	
2026-09-16 05:10:05	clean-install--fae--Dsurefire.rerunFailingTestsCount=2	plugins/reporting/maven-project-info-reports-plugin	128	ok	9.02	
2026-09-16 05:12:23	clean-install--fae--Dsurefire.rerunFailingTestsCount=2	plugins/tools/archetype	137	ok	10.93	
2026-09-16 05:14:21	clean-install--fae--Dsurefire.rerunFailingTestsCount=2	plugins/tools/enforcer	116	ok	7.54	
2026-09-16 05:17:41	clean-install--fae--Dsurefire.rerunFailingTestsCount=2	plugins/tools/maven-dependency-plugin	199	ok	10.22	
2026-09-16 05:19:02	clean-install--fae--Dsurefire.rerunFailingTestsCount=2	plugins/tools/maven-help-plugin	81	ok	9.62	
2026-09-16 05:20:33	clean-install--fae--Dsurefire.rerunFailingTestsCount=2	plugins/tools/maven-invoker-plugin	91	ok	12.48	
2026-09-16 05:21:42	clean-install--fae--Dsurefire.rerunFailingTestsCount=2	plugins/tools/maven-scripting-plugin	67	ok	9.46	
2026-09-16 05:26:14	clean-install--fae--Dsurefire.rerunFailingTestsCount=2	plugins/tools/release	271	ok	9.64	
2026-09-16 05:34:32	clean-install--fae--Dsurefire.rerunFailingTestsCount=2	plugins/tools/scm	495	ok	8.85	
2026-09-16 05:35:33	clean-install--fae--Dsurefire.rerunFailingTestsCount=2	shared/script-interpreter	59	ok	7.15	
2026-09-16 05:35:52	clean-install--fae--Dsurefire.rerunFailingTestsCount=2	site	18	ok	7.58	
2026-09-16 05:45:41	scan	core/3.x/its-3	566	ok	17.21	
2026-09-16 05:57:16	scan	core/3.x/maven-3	694	ok	6.01	
2026-09-16 05:59:44	scan	core/3.x/mvnd-1	148	ok	9.98	
2026-09-16 06:02:23	scan	core/build-cache	159	ok	9.50	
2026-09-16 06:16:54	scan	core/maven	871	ok	6.40	
2026-09-16 06:32:25	scan	core/maven-4.0.x	931	ok	7.58	
2026-09-16 06:35:03	scan	core/mvnd	157	ok	14.15	
2026-09-16 06:41:21	scan	core/resolver	377	ok	10.87	
2026-09-16 06:44:03	scan	core/resolver-ant-tasks	161	ok	7.97	
2026-09-16 06:47:05	scan	core/wrapper	182	ok	9.76	
2026-09-16 06:51:07	scan	doxia/doxia	241	ok	6.61	
2026-09-16 06:56:21	scan	doxia/sitetools	313	ok	9.01	
2026-09-16 06:58:26	scan	doxia/tools/converter	125	ok	8.73	
2026-09-16 07:05:27	scan	misc/archetypes	420	ok	6.36	
2026-09-16 07:11:58	scan	misc/dist-tool	391	ok	10.17	
2026-09-16 07:18:22	scan	misc/executor	384	ok	6.90	
2026-09-16 07:19:57	scan	misc/gh-actions-shared/v5	94	ok	4.12	
2026-09-16 07:26:53	scan	misc/indexer	416	ok	4.69	
2026-09-16 07:28:31	scan	misc/pom/apache	96	ok	5.74	
2026-09-16 07:30:08	scan	misc/pom/apache-resources	96	ok	6.34	
2026-09-16 07:31:27	scan	misc/pom/maven	79	ok	7.36	
2026-09-16 07:32:12	scan	misc/skins/fluido	45	ok	11.22	
2026-09-16 07:40:16	scan	misc/wagon	484	ok	5.07	
2026-09-16 07:42:40	scan	plexus/build-api	144	ok	8.81	
2026-09-16 07:43:41	scan	plexus/classworlds	61	ok	11.32	
2026-09-16 07:44:20	scan	plexus/codehaus-plexus.github.io	38	ok	9.93	
2026-09-16 07:46:04	scan	plexus/components/archiver	104	ok	6.80	
2026-09-16 07:57:33	scan	plexus/components/compiler	689	ok	18.87	
2026-09-16 07:59:46	scan	plexus/components/i18n	131	ok	7.66	
2026-09-16 08:02:52	scan	plexus/components/interactivity	186	ok	14.64	
2026-09-16 08:07:00	scan	plexus/components/interpolation	248	ok	11.02	
2026-09-16 08:11:10	scan	plexus/components/io	250	ok	17.22	
2026-09-16 08:16:18	scan	plexus/components/languages	308	ok	11.87	
2026-09-16 08:19:42	scan	plexus/components/resources	203	ok	11.40	
2026-09-16 08:22:42	scan	plexus/components/sec-dispatcher	180	ok	10.80	
2026-09-16 08:25:02	scan	plexus/components/velocity	140	ok	8.09	
2026-09-16 08:33:17	scan	plexus/modello	494	ok	11.78	
2026-09-16 08:35:36	scan	plexus/pom/plexus	138	ok	10.79	
2026-09-16 08:38:14	scan	plexus/testing	158	ok	6.91	
2026-09-16 08:42:06	scan	plexus/utils	232	ok	9.06	
2026-09-16 08:47:04	scan	plexus/xml	297	ok	16.28	
2026-09-16 08:56:08	scan	plugins/core-4/maven-clean-plugin	543	ok	11.32	
2026-09-16 08:59:03	scan	plugins/core-4/maven-compiler-plugin	171	ok	10.08	
2026-09-16 09:02:02	scan	plugins/core-4/maven-deploy-plugin	178	ok	10.64	
2026-09-16 09:08:59	scan	plugins/core-4/maven-install-plugin	414	ok	9.82	
2026-09-16 09:14:24	scan	plugins/core-4/maven-resources-plugin	316	ok	9.77	
2026-09-16 09:17:40	scan	plugins/core/maven-clean-plugin	196	ok	11.76	
2026-09-16 09:20:06	scan	plugins/core/maven-compiler-plugin	146	ok	10.53	
2026-09-16 09:22:43	scan	plugins/core/maven-deploy-plugin	157	ok	8.17	
2026-09-16 09:24:53	scan	plugins/core/maven-install-plugin	130	ok	14.71	
2026-09-16 09:27:07	scan	plugins/core/maven-resources-plugin	134	ok	8.03	
2026-09-16 09:30:49	scan	plugins/core/maven-site-plugin	222	ok	9.30	
2026-09-16 09:39:09	scan	plugins/core/surefire	500	ok	7.15	
2026-09-16 09:42:24	scan	plugins/packaging-4/maven-jar-plugin	194	ok	25.45	
2026-09-16 09:44:50	scan	plugins/packaging-4/maven-source-plugin	144	ok	9.55	
2026-09-16 09:48:55	scan	plugins/packaging/maven-acr-plugin	244	ok	8.55	
2026-09-16 09:52:25	scan	plugins/packaging/maven-ear-plugin	210	ok	8.46	
2026-09-16 09:54:47	scan	plugins/packaging/maven-ejb-plugin	142	ok	11.60	
2026-09-16 09:57:15	scan	plugins/packaging/maven-jar-plugin	147	ok	15.95	
2026-09-16 09:59:32	scan	plugins/packaging/maven-jlink-plugin	137	ok	8.75	
2026-09-16 10:02:11	scan	plugins/packaging/maven-jmod-plugin	159	ok	13.00	
2026-09-16 10:08:30	scan	plugins/packaging/maven-rar-plugin	379	ok	9.46	
2026-09-16 10:11:50	scan	plugins/packaging/maven-shade-plugin	199	ok	8.54	
2026-09-16 10:14:35	scan	plugins/packaging/maven-source-plugin	164	ok	6.47	
2026-09-16 10:17:50	scan	plugins/packaging/maven-war-plugin	194	ok	10.24	
2026-09-16 10:21:22	scan	plugins/reporting/jxr	211	ok	11.80	
2026-09-16 10:23:58	scan	plugins/reporting/maven-changelog-plugin	154	ok	14.86	
2026-09-16 10:27:36	scan	plugins/reporting/maven-changes-plugin	218	ok	9.69	
2026-09-16 10:32:05	scan	plugins/reporting/maven-checkstyle-plugin	269	ok	8.68	
2026-09-16 10:35:13	scan	plugins/reporting/maven-doap-plugin	187	ok	10.30	
2026-09-16 10:39:09	scan	plugins/reporting/maven-javadoc-plugin	235	ok	8.06	
2026-09-16 10:41:24	scan	plugins/reporting/maven-jdeps-plugin	135	ok	8.83	
2026-09-16 10:49:14	scan	plugins/reporting/maven-pmd-plugin	469	ok	17.02	
2026-09-16 10:53:39	scan	plugins/reporting/maven-project-info-reports-plugin	265	ok	11.17	
2026-09-16 11:02:37	scan	plugins/tools/archetype	538	ok	8.82	
2026-09-16 11:08:17	scan	plugins/tools/enforcer	337	ok	6.89	
2026-09-16 11:11:12	scan	plugins/tools/maven-antrun-plugin	175	ok	14.21	
2026-09-16 11:14:47	scan	plugins/tools/maven-artifact-plugin	214	ok	6.88	
2026-09-16 11:18:11	scan	plugins/tools/maven-assembly-plugin	203	ok	9.27	
2026-09-16 11:22:41	scan	plugins/tools/maven-dependency-plugin	270	ok	8.15	
2026-09-16 11:26:27	scan	plugins/tools/maven-gpg-plugin	225	ok	9.31	
2026-09-16 11:30:52	scan	plugins/tools/maven-help-plugin	264	ok	8.60	
2026-09-16 11:33:50	scan	plugins/tools/maven-invoker-plugin	176	ok	15.20	
2026-09-16 11:36:24	scan	plugins/tools/maven-jarsigner-plugin	154	ok	8.45	
2026-09-16 11:38:37	scan	plugins/tools/maven-jdeprscan-plugin	133	ok	7.68	
2026-09-16 11:41:19	scan	plugins/tools/maven-remote-resources-plugin	162	ok	7.05	
2026-09-16 11:44:09	scan	plugins/tools/maven-scm-publish-plugin	170	ok	9.90	
2026-09-16 11:46:18	scan	plugins/tools/maven-scripting-plugin	128	ok	7.78	
2026-09-16 11:48:40	scan	plugins/tools/maven-toolchains-plugin	141	ok	7.61	
2026-09-16 11:53:23	scan	plugins/tools/plugin-tools	283	ok	6.00	
2026-09-16 11:57:08	scan	plugins/tools/release	223	ok	8.96	
2026-09-16 12:11:51	scan	plugins/tools/scm	883	ok	7.22	
2026-09-16 12:14:39	scan	shared-4/archiver	168	ok	15.63	
2026-09-16 12:18:48	scan	shared-4/filtering	249	ok	10.78	
2026-09-16 12:21:11	scan	shared/archiver	142	ok	7.58	
2026-09-16 12:23:48	scan	shared/common-artifact-filters	156	ok	8.60	
2026-09-16 12:26:37	scan	shared/dependency-analyzer	168	ok	11.74	
2026-09-16 12:29:11	scan	shared/dependency-tree	154	ok	12.68	
2026-09-16 12:31:44	scan	shared/file-management	153	ok	11.47	
2026-09-16 12:34:28	scan	shared/filtering	164	ok	13.24	
2026-09-16 12:41:52	scan	shared/invoker	443	ok	8.08	
2026-09-16 12:44:11	scan	shared/jarsigner	138	ok	11.46	
2026-09-16 12:45:29	scan	shared/mapping	78	ok	9.13	
2026-09-16 12:47:55	scan	shared/reporting-api	145	ok	6.66	
2026-09-16 12:50:16	scan	shared/reporting-exec	141	ok	11.55	
2026-09-16 12:52:50	scan	shared/reporting-impl	153	ok	10.23	
2026-09-16 12:55:21	scan	shared/script-interpreter	150	ok	10.57	
2026-09-16 12:57:40	scan	shared/shared-incremental	138	ok	9.51	
2026-09-16 13:00:59	scan	shared/shared-io	199	ok	14.79	
2026-09-16 13:04:44	scan	shared/shared-jar	223	ok	7.67	
2026-09-16 13:06:45	scan	shared/shared-resources	119	ok	13.70	
2026-09-16 13:10:19	scan	shared/shared-utils	214	ok	12.79	
2026-09-16 13:13:05	scan	shared/verifier	166	ok	8.97	
2026-09-16 13:23:41	scan	sisu/sisu-project	636	ok	9.00	
2026-09-16 13:26:19	scan	site	157	ok	9.63	
2026-09-16 13:28:09	scan	studies/maven-basedir-filesystem	109	ok	9.54	
2026-09-16 13:33:40	scan	studies/maven-ci-extension	330	ok	10.05	
2026-09-16 13:36:30	scan	studies/maven-default-plugins	169	ok	7.36	
2026-09-17 03:08:29	clean-install--fae--Dsurefire.rerunFailingTestsCount=2	core/3.x/maven-3	388	ok	9.53	
2026-09-17 03:21:34	clean-install--fae--Dsurefire.rerunFailingTestsCount=2	core/3.x/mvnd-1	774	failed	13.32	
2026-09-17 03:47:57	clean-install--fae--Dsurefire.rerunFailingTestsCount=2	core/maven	1576	ok	10.00	
2026-09-17 04:06:09	clean-install--fae--Dsurefire.rerunFailingTestsCount=2	core/maven-4.0.x	1079	ok	12.90	
2026-09-17 04:19:16	clean-install--fae--Dsurefire.rerunFailingTestsCount=2	core/mvnd	775	failed	12.87	
2026-09-17 04:32:22	clean-install--fae--Dsurefire.rerunFailingTestsCount=2	core/resolver	780	ok	18.14	
2026-09-17 04:34:29	clean-install--fae--Dsurefire.rerunFailingTestsCount=2	core/wrapper	124	ok	14.81	
2026-09-17 04:35:55	clean-install--fae--Dsurefire.rerunFailingTestsCount=2	misc/dist-tool	86	ok	10.66	
2026-09-17 04:36:26	clean-install--fae--Dsurefire.rerunFailingTestsCount=2	misc/pom/apache	31	ok	15.50	
2026-09-17 04:37:19	clean-install--fae--Dsurefire.rerunFailingTestsCount=2	misc/pom/maven	53	ok	10.78	
2026-09-17 04:38:18	clean-install--fae--Dsurefire.rerunFailingTestsCount=2	plexus/components/interactivity	58	ok	12.90	
2026-09-17 04:39:06	clean-install--fae--Dsurefire.rerunFailingTestsCount=2	plexus/pom/plexus	47	ok	9.35	
2026-09-17 04:41:17	clean-install--fae--Dsurefire.rerunFailingTestsCount=2	plugins/core-4/maven-compiler-plugin	128	ok	11.58	
2026-09-17 04:43:39	clean-install--fae--Dsurefire.rerunFailingTestsCount=2	plugins/core/maven-compiler-plugin	140	ok	17.50	
2026-09-17 04:45:07	clean-install--fae--Dsurefire.rerunFailingTestsCount=2	plugins/core/maven-site-plugin	88	ok	8.57	
2026-09-17 04:51:26	clean-install--fae--Dsurefire.rerunFailingTestsCount=2	plugins/core/surefire	374	ok	10.38	
2026-09-17 04:53:32	clean-install--fae--Dsurefire.rerunFailingTestsCount=2	plugins/reporting/maven-changelog-plugin	124	ok	12.74	
2026-09-17 04:55:09	clean-install--fae--Dsurefire.rerunFailingTestsCount=2	plugins/reporting/maven-changes-plugin	96	ok	8.01	
2026-09-17 04:56:27	clean-install--fae--Dsurefire.rerunFailingTestsCount=2	plugins/reporting/maven-checkstyle-plugin	77	ok	13.84	
2026-09-17 04:58:13	clean-install--fae--Dsurefire.rerunFailingTestsCount=2	plugins/reporting/maven-doap-plugin	106	ok	15.11	
2026-09-17 05:02:24	clean-install--fae--Dsurefire.rerunFailingTestsCount=2	plugins/reporting/maven-javadoc-plugin	249	ok	10.50	
2026-09-17 05:10:57	clean-install--fae--Dsurefire.rerunFailingTestsCount=2	plugins/tools/scm	510	ok	11.16	
2026-09-17 05:12:14	clean-install--fae--Dsurefire.rerunFailingTestsCount=2	shared/script-interpreter	76	ok	7.44	
2026-09-17 05:12:55	clean-install--fae--Dsurefire.rerunFailingTestsCount=2	shared/shared-jar	41	ok	12.28	
2026-09-17 05:13:16	clean-install--fae--Dsurefire.rerunFailingTestsCount=2	site	20	ok	10.41	
2026-09-17 05:26:03	scan	core/3.x/its-3	747	ok	12.66	
2026-09-17 05:37:54	scan	core/3.x/maven-3	710	ok	10.75	
2026-09-17 05:40:38	scan	core/3.x/mvnd-1	164	ok	10.52	
2026-09-17 05:42:46	scan	core/build-cache	128	ok	13.13	
2026-09-17 05:59:30	scan	core/maven	1003	ok	9.49	
2026-09-17 06:11:59	scan	core/maven-4.0.x	749	ok	9.63	
2026-09-17 06:14:49	scan	core/mvnd	170	ok	7.71	
2026-09-17 06:24:31	scan	core/resolver	582	ok	5.89	
2026-09-17 06:27:16	scan	core/resolver-ant-tasks	164	ok	6.79	
2026-09-17 06:30:35	scan	core/wrapper	197	ok	8.01	
2026-09-17 06:35:40	scan	doxia/doxia	305	ok	7.93	
2026-09-17 06:44:40	scan	doxia/sitetools	540	ok	7.35	
2026-09-17 06:47:01	scan	doxia/tools/converter	140	ok	8.07	
2026-09-17 06:56:31	scan	misc/archetypes	570	ok	6.71	
2026-09-17 07:03:05	scan	misc/dist-tool	394	ok	8.32	
2026-09-17 07:09:57	scan	misc/executor	411	ok	7.11	
2026-09-17 07:12:14	scan	misc/gh-actions-shared/v5	137	ok	7.13	
2026-09-17 07:19:43	scan	misc/indexer	449	ok	5.59	
2026-09-17 07:21:37	scan	misc/pom/apache	114	ok	10.28	
2026-09-17 07:23:34	scan	misc/pom/apache-resources	117	ok	8.22	
2026-09-17 07:24:58	scan	misc/pom/maven	84	ok	7.97	
2026-09-17 07:26:42	scan	misc/skins/fluido	103	ok	6.74	
2026-09-17 07:35:14	scan	misc/wagon	511	ok	5.46	
2026-09-17 07:37:50	scan	plexus/build-api	155	ok	11.91	
2026-09-17 07:39:00	scan	plexus/classworlds	70	ok	11.09	
2026-09-17 07:39:47	scan	plexus/codehaus-plexus.github.io	46	ok	11.57	
2026-09-17 07:41:39	scan	plexus/components/archiver	111	ok	8.28	
2026-09-17 07:56:44	scan	plexus/components/compiler	904	ok	13.73	
2026-09-17 07:59:00	scan	plexus/components/i18n	136	ok	14.28	
2026-09-17 08:01:52	scan	plexus/components/interactivity	172	ok	17.15	
2026-09-17 08:04:29	scan	plexus/components/interpolation	155	ok	8.40	
2026-09-17 08:07:15	scan	plexus/components/io	166	ok	10.36	
2026-09-17 08:10:44	scan	plexus/components/languages	207	ok	6.94	
2026-09-17 08:15:47	scan	plexus/components/resources	299	ok	9.63	
2026-09-17 08:18:59	scan	plexus/components/sec-dispatcher	191	ok	10.16	
2026-09-17 08:22:01	scan	plexus/components/velocity	181	ok	8.58	
2026-09-17 08:36:41	scan	plexus/modello	880	ok	14.52	
2026-09-17 08:40:38	scan	plexus/pom/plexus	236	ok	10.49	
2026-09-17 08:43:33	scan	plexus/testing	175	ok	11.12	
2026-09-17 08:48:05	scan	plexus/utils	272	ok	8.77	
2026-09-17 08:52:30	scan	plexus/xml	263	ok	9.21	
2026-09-17 09:00:28	scan	plugins/core-4/maven-clean-plugin	477	ok	7.96	
2026-09-17 09:03:51	scan	plugins/core-4/maven-compiler-plugin	201	ok	12.23	
2026-09-17 09:09:35	scan	plugins/core-4/maven-deploy-plugin	343	ok	12.74	
2026-09-17 09:13:31	scan	plugins/core-4/maven-install-plugin	234	ok	11.59	
2026-09-17 09:23:44	scan	plugins/core-4/maven-resources-plugin	611	ok	16.00	
2026-09-17 09:27:13	scan	plugins/core/maven-clean-plugin	209	ok	9.61	
2026-09-17 09:29:39	scan	plugins/core/maven-compiler-plugin	146	ok	7.18	
2026-09-17 09:32:23	scan	plugins/core/maven-deploy-plugin	163	ok	10.36	
2026-09-17 09:35:50	scan	plugins/core/maven-install-plugin	207	ok	12.53	
2026-09-17 09:38:18	scan	plugins/core/maven-resources-plugin	148	ok	17.03	
2026-09-17 09:42:10	scan	plugins/core/maven-site-plugin	232	ok	16.29	
2026-09-17 09:51:16	scan	plugins/core/surefire	545	ok	15.29	
2026-09-17 09:56:45	scan	plugins/packaging-4/maven-jar-plugin	328	ok	20.89	
2026-09-17 09:59:19	scan	plugins/packaging-4/maven-source-plugin	153	ok	15.24	
2026-09-17 10:03:49	scan	plugins/packaging/maven-acr-plugin	270	ok	9.17	
2026-09-17 10:06:43	scan	plugins/packaging/maven-ear-plugin	173	ok	16.32	
2026-09-17 10:09:09	scan	plugins/packaging/maven-ejb-plugin	146	ok	11.73	
2026-09-17 10:11:39	scan	plugins/packaging/maven-jar-plugin	150	ok	15.46	
2026-09-17 10:14:30	scan	plugins/packaging/maven-jlink-plugin	170	ok	10.74	
2026-09-17 10:17:13	scan	plugins/packaging/maven-jmod-plugin	163	ok	7.59	
2026-09-17 10:23:00	scan	plugins/packaging/maven-rar-plugin	347	ok	11.33	
2026-09-17 10:26:52	scan	plugins/packaging/maven-shade-plugin	231	ok	13.45	
2026-09-17 10:28:53	scan	plugins/packaging/maven-source-plugin	120	ok	9.94	
2026-09-17 10:30:45	scan	plugins/packaging/maven-war-plugin	112	ok	10.79	
2026-09-17 10:34:05	scan	plugins/reporting/jxr	199	ok	10.56	
2026-09-17 10:36:24	scan	plugins/reporting/maven-changelog-plugin	138	ok	17.27	
2026-09-17 10:39:35	scan	plugins/reporting/maven-changes-plugin	191	ok	11.04	
2026-09-17 10:44:20	scan	plugins/reporting/maven-checkstyle-plugin	285	ok	9.58	
2026-09-17 10:49:29	scan	plugins/reporting/maven-doap-plugin	309	ok	13.01	
2026-09-17 10:53:26	scan	plugins/reporting/maven-javadoc-plugin	236	ok	13.39	
2026-09-17 10:55:32	scan	plugins/reporting/maven-jdeps-plugin	126	ok	12.38	
2026-09-17 11:02:27	scan	plugins/reporting/maven-pmd-plugin	415	ok	8.68	
2026-09-17 11:06:20	scan	plugins/reporting/maven-project-info-reports-plugin	231	ok	10.07	
2026-09-17 11:15:32	scan	plugins/tools/archetype	550	ok	9.50	
2026-09-17 11:19:00	scan	plugins/tools/enforcer	208	ok	15.57	
2026-09-17 11:20:09	scan	plugins/tools/maven-antrun-plugin	69	ok	11.07	
2026-09-17 11:22:04	scan	plugins/tools/maven-artifact-plugin	114	ok	8.89	
2026-09-17 11:26:17	scan	plugins/tools/maven-assembly-plugin	252	ok	8.06	
2026-09-17 11:30:00	scan	plugins/tools/maven-dependency-plugin	223	ok	6.19	
2026-09-17 11:33:21	scan	plugins/tools/maven-gpg-plugin	200	ok	9.81	
2026-09-17 11:37:22	scan	plugins/tools/maven-help-plugin	239	ok	7.34	
2026-09-17 11:39:47	scan	plugins/tools/maven-invoker-plugin	145	ok	6.62	
2026-09-17 11:42:17	scan	plugins/tools/maven-jarsigner-plugin	150	ok	6.68	
2026-09-17 11:44:41	scan	plugins/tools/maven-jdeprscan-plugin	144	ok	12.87	
2026-09-17 11:47:18	scan	plugins/tools/maven-remote-resources-plugin	156	ok	9.27	
2026-09-17 11:50:06	scan	plugins/tools/maven-scm-publish-plugin	168	ok	14.76	
2026-09-17 11:52:27	scan	plugins/tools/maven-scripting-plugin	141	ok	12.40	
2026-09-17 11:54:42	scan	plugins/tools/maven-toolchains-plugin	134	ok	10.21	
2026-09-17 11:59:26	scan	plugins/tools/plugin-tools	284	ok	4.48	
2026-09-17 12:03:53	scan	plugins/tools/release	266	ok	5.79	
2026-09-17 12:16:56	scan	plugins/tools/scm	782	ok	11.20	
2026-09-17 12:20:14	scan	shared-4/archiver	198	ok	8.74	
2026-09-17 12:23:42	scan	shared-4/filtering	206	ok	7.58	
2026-09-17 12:26:02	scan	shared/archiver	140	ok	11.21	
2026-09-17 12:28:25	scan	shared/common-artifact-filters	143	ok	10.21	
2026-09-17 12:31:47	scan	shared/dependency-analyzer	202	ok	18.61	
2026-09-17 12:34:34	scan	shared/dependency-tree	165	ok	10.16	
2026-09-17 12:37:54	scan	shared/file-management	200	ok	21.48	
2026-09-17 12:40:49	scan	shared/filtering	174	ok	8.11	
2026-09-17 12:48:37	scan	shared/invoker	468	ok	9.61	
2026-09-17 12:51:15	scan	shared/jarsigner	157	ok	8.97	
2026-09-17 12:53:41	scan	shared/mapping	145	ok	15.13	
2026-09-17 12:56:07	scan	shared/reporting-api	146	ok	18.08	
2026-09-17 12:58:44	scan	shared/reporting-exec	155	ok	15.88	
2026-09-17 13:02:25	scan	shared/reporting-impl	219	ok	12.83	
2026-09-17 13:05:16	scan	shared/script-interpreter	171	ok	10.84	
2026-09-17 13:07:44	scan	shared/shared-incremental	147	ok	9.04	
2026-09-17 13:10:36	scan	shared/shared-io	171	ok	6.90	
2026-09-17 13:14:45	scan	shared/shared-jar	248	ok	14.35	
2026-09-17 13:17:32	scan	shared/shared-resources	166	ok	10.60	
2026-09-17 13:20:54	scan	shared/shared-utils	200	ok	11.21	
2026-09-17 13:23:38	scan	shared/verifier	162	ok	7.76	
2026-09-17 13:35:11	scan	sisu/sisu-project	689	ok	9.37	
2026-09-17 13:38:02	scan	site	170	ok	11.90	
2026-09-17 13:40:29	scan	studies/maven-basedir-filesystem	146	ok	13.22	
2026-09-17 13:46:15	scan	studies/maven-ci-extension	346	ok	8.15	
2026-09-17 13:48:46	scan	studies/maven-default-plugins	151	ok	7.18	
